City_ID,City,Country,Date,Lat,Lng,Max Temp,Humidity,Cloudiness,Wind Speed
0,Fukuma,JP,2021-09-22 20:44:28,33.7667,130.4667,75.2,87,32,7.63
1,Arraial Do Cabo,BR,2021-09-22 20:39:31,-22.9661,-42.0278,71.46,56,20,11.5
2,Atuona,PF,2021-09-22 20:44:28,-9.8,-139.0333,77.79,73,26,20.96
3,Kapaa,US,2021-09-22 20:40:43,22.0752,-159.319,84.18,70,90,4.0
4,Tuktoyaktuk,CA,2021-09-22 20:44:29,69.4541,-133.0374,37.4,65,75,19.57
5,Yellowknife,CA,2021-09-22 20:44:29,62.456,-114.3525,50.52,81,75,9.22
6,Busselton,AU,2021-09-22 20:44:29,-33.65,115.3333,48.04,92,0,9.8
7,Vanimo,PG,2021-09-22 20:44:30,-2.6741,141.3028,76.77,91,97,4.97
8,Dilla,ET,2021-09-22 20:44:30,6.41,38.31,63.59,85,97,4.56
9,Ushuaia,AR,2021-09-22 20:40:36,-54.8,-68.3,49.66,66,40,21.85
10,Tukrah,LY,2021-09-22 20:44:31,32.5341,20.5791,78.55,66,4,8.12
11,Cape Town,ZA,2021-09-22 20:41:26,-33.9258,18.4232,65.12,82,0,3.44
12,Srednekolymsk,RU,2021-09-22 20:44:31,67.45,153.6833,31.28,62,53,4.76
13,Rikitea,PF,2021-09-22 20:44:32,-23.1203,-134.9692,73.08,77,34,19.28
14,Ginda,IN,2021-09-22 20:44:32,30.6945,78.4932,62.49,75,100,1.99
15,Saldanha,ZA,2021-09-22 20:44:32,-33.0117,17.9442,60.85,53,5,2.95
16,Punta Arenas,CL,2021-09-22 20:44:23,-53.15,-70.9167,48.22,71,75,25.32
17,Mahebourg,MU,2021-09-22 20:44:33,-20.4081,57.7,71.26,78,40,11.5
18,Hobart,AU,2021-09-22 20:44:33,-42.8794,147.3294,58.26,56,75,8.99
19,Castro,BR,2021-09-22 20:41:14,-24.7911,-50.0119,56.12,73,20,11.9
20,Mataura,NZ,2021-09-22 20:40:54,-46.1927,168.8643,43.48,57,4,4.14
21,Vaini,TO,2021-09-22 20:44:34,-21.2,-175.2,75.36,88,40,10.36
22,Klaksvik,FO,2021-09-22 20:42:16,62.2266,-6.589,49.12,82,98,21.94
23,Isangel,VU,2021-09-22 20:41:17,-19.55,169.2667,77.95,76,99,5.79
24,Menongue,AO,2021-09-22 20:44:35,-14.6585,17.691,71.22,20,50,6.96
25,Hasaki,JP,2021-09-22 20:44:35,35.7333,140.8333,77.4,82,100,14.54
26,Kachug,RU,2021-09-22 20:44:35,53.9606,105.8817,35.08,92,81,3.67
27,Tasiilaq,GL,2021-09-22 20:40:44,65.6145,-37.6368,35.76,67,1,4.0
28,Nioro,GM,2021-09-22 20:41:28,13.35,-15.75,79.52,88,22,5.61
29,New Norfolk,AU,2021-09-22 20:40:38,-42.7826,147.0587,57.92,58,96,5.01
30,Esperance,AU,2021-09-22 20:41:24,-33.8667,121.9,57.04,86,0,9.6
31,Barrow,US,2021-09-22 20:44:36,71.2906,-156.7887,32.02,69,90,17.27
32,Puerto Ayora,EC,2021-09-22 20:44:37,-0.7393,-90.3518,80.56,84,74,10.74
33,Tual,ID,2021-09-22 20:44:37,-5.6667,132.75,79.43,76,57,20.07
34,Leh,IN,2021-09-22 20:44:38,34.1667,77.5833,53.37,44,2,6.13
35,Beruwala,LK,2021-09-22 20:44:38,6.4788,79.9828,79.07,87,68,7.05
36,Bowen,AU,2021-09-22 20:44:39,-20.0167,148.2333,46.62,70,80,10.18
37,Wasilla,US,2021-09-22 20:44:39,61.5814,-149.4394,42.03,55,1,3.44
38,Honggang,CN,2021-09-22 20:44:39,46.4667,124.8667,53.04,94,100,6.33
39,Dikson,RU,2021-09-22 20:44:40,73.5069,80.5464,35.8,98,100,9.04
40,Ancud,CL,2021-09-22 20:44:40,-41.8697,-73.8203,56.43,85,99,14.83
41,Hovd,MN,2021-09-22 20:44:40,48.0056,91.6419,41.74,28,86,4.83
42,Albany,US,2021-09-22 20:43:35,42.6001,-73.9662,79.38,75,90,10.16
43,Okrika,NG,2021-09-22 20:44:41,4.7416,7.0849,74.17,93,99,1.81
44,Qaanaaq,GL,2021-09-22 20:44:41,77.484,-69.3632,12.45,63,11,7.16
45,Nuzvid,IN,2021-09-22 20:44:42,16.7833,80.85,77.41,87,100,3.31
46,Talnakh,RU,2021-09-22 20:44:42,69.4865,88.3972,33.84,76,98,9.22
47,Pangnirtung,CA,2021-09-22 20:40:42,66.1451,-65.7125,37.4,52,40,6.91
48,Bageshwar,IN,2021-09-22 20:44:43,29.85,79.7667,66.76,92,99,1.01
49,Port Lincoln,AU,2021-09-22 20:44:43,-34.7333,135.8667,48.29,85,1,9.6
50,Hermanus,ZA,2021-09-22 20:41:04,-34.4187,19.2345,64.9,68,63,11.03
51,Kiunga,PG,2021-09-22 20:44:43,-6.1219,141.2906,72.48,99,99,2.77
52,Bengkulu,ID,2021-09-22 20:44:44,-3.8004,102.2655,74.77,92,97,4.7
53,Ligayan,PH,2021-09-22 20:44:44,4.6533,119.4706,81.99,72,100,9.66
54,Provideniya,RU,2021-09-22 20:44:44,64.3833,-173.3,32.11,59,0,4.47
55,Hithadhoo,MV,2021-09-22 20:44:45,-0.6,73.0833,82.24,74,100,18.68
56,Port Macquarie,AU,2021-09-22 20:44:45,-31.4333,152.9167,44.56,62,0,5.39
57,Qui Nhon,VN,2021-09-22 20:40:51,13.7667,109.2333,76.57,89,100,5.73
58,Cherskiy,RU,2021-09-22 20:44:46,68.75,161.3,31.3,57,100,5.55
59,Ahipara,NZ,2021-09-22 20:44:46,-35.1667,173.1667,59.31,92,95,11.92
60,Chicama,PE,2021-09-22 20:44:46,-7.8447,-79.1469,63.14,75,75,11.27
61,Iqaluit,CA,2021-09-22 20:44:47,63.7506,-68.5145,33.53,93,90,2.3
62,Dunedin,NZ,2021-09-22 20:44:47,-45.8742,170.5036,52.07,57,0,4.03
63,Roebourne,AU,2021-09-22 20:44:48,-20.7833,117.1333,79.63,26,100,8.21
64,Tuatapere,NZ,2021-09-22 20:44:48,-46.1333,167.6833,43.83,68,12,4.03
65,Vallenar,CL,2021-09-22 20:44:48,-28.5708,-70.7581,73.04,24,0,5.86
66,Lasa,IT,2021-09-22 20:44:49,46.6166,10.7002,58.08,66,66,3.33
67,Padang,ID,2021-09-22 20:44:49,-0.9492,100.3543,77.65,80,100,4.09
68,Lavrentiya,RU,2021-09-22 20:41:00,65.5833,-171.0,32.31,61,18,7.34
69,Hilo,US,2021-09-22 20:40:38,19.7297,-155.09,83.28,79,90,8.05
70,Hornepayne,CA,2021-09-22 20:44:50,49.2138,-84.7705,56.62,46,71,4.34
71,Grand Gaube,MU,2021-09-22 20:44:50,-20.0064,57.6608,71.38,70,30,5.01
72,Pisco,PE,2021-09-22 20:44:50,-13.7,-76.2167,69.85,60,0,12.66
73,Bambous Virieux,MU,2021-09-22 20:44:51,-20.3428,57.7575,71.22,78,40,11.5
74,Goksun,TR,2021-09-22 20:44:51,38.021,36.4973,56.35,72,3,4.21
75,Bredasdorp,ZA,2021-09-22 20:40:40,-34.5322,20.0403,61.29,82,80,0.0
76,Maracana,BR,2021-09-22 20:44:52,-0.7667,-47.45,80.65,75,70,5.99
77,Shingu,JP,2021-09-22 20:44:52,33.7333,135.9833,72.91,86,2,6.42
78,Chuy,UY,2021-09-22 20:40:56,-33.6971,-53.4616,56.23,79,95,9.26
79,Saskylakh,RU,2021-09-22 20:41:23,71.9167,114.0833,36.07,95,100,4.29
80,Yueyang,CN,2021-09-22 20:44:53,29.3333,113.0919,72.46,53,0,4.03
81,Domoni,KM,2021-09-22 20:44:53,-12.2569,44.5319,75.56,80,0,8.84
82,Kaitangata,NZ,2021-09-22 20:44:54,-46.2817,169.8464,48.99,60,3,5.86
83,Port Elizabeth,ZA,2021-09-22 20:44:54,-33.918,25.5701,61.09,88,40,14.97
84,Ternate,ID,2021-09-22 20:44:54,0.8,127.4,79.23,80,84,1.99
85,Alofi,NU,2021-09-22 20:41:09,-19.0595,-169.9187,75.09,83,75,16.11
86,Clyde River,CA,2021-09-22 20:44:55,70.4692,-68.5914,30.43,93,90,14.97
87,Vila Velha,BR,2021-09-22 20:44:55,-20.3297,-40.2925,71.55,56,75,18.41
88,Poum,NC,2021-09-22 20:44:56,-20.2333,164.0167,70.9,67,63,22.57
89,Jamestown,US,2021-09-22 20:44:56,42.097,-79.2353,74.84,86,90,8.01
90,Nouadhibou,MR,2021-09-22 20:44:56,20.931,-17.0347,71.13,83,0,23.51
91,Khatanga,RU,2021-09-22 20:40:56,71.9667,102.5,33.58,98,100,9.04
92,Port Alfred,ZA,2021-09-22 20:44:57,-33.5906,26.891,61.02,82,5,22.41
93,Thompson,CA,2021-09-22 20:44:57,55.7435,-97.8558,57.36,77,90,5.75
94,Victoria,HK,2021-09-22 20:41:21,22.2855,114.1577,85.98,82,46,12.82
95,Coahuayana,MX,2021-09-22 20:44:58,18.7333,-103.6833,89.38,62,75,4.9
96,Vardo,NO,2021-09-22 20:42:03,70.3705,31.1107,46.6,66,0,25.32
97,Pochutla,MX,2021-09-22 20:44:59,15.7432,-96.4661,89.82,59,21,7.16
98,Port Hardy,CA,2021-09-22 20:42:15,50.6996,-127.4199,59.18,72,20,13.8
99,Tura,IN,2021-09-22 20:44:59,25.5198,90.2201,72.39,94,79,2.46
100,Sao Paulo De Olivenca,BR,2021-09-22 20:45:00,-3.3783,-68.8725,84.29,66,100,3.56
101,Cabo San Lucas,MX,2021-09-22 20:41:53,22.8909,-109.9124,94.6,69,17,6.26
102,Bossangoa,CF,2021-09-22 20:45:00,6.4926,17.4552,67.48,98,94,1.86
103,Makakilo City,US,2021-09-22 20:45:00,21.3469,-158.0858,86.32,50,40,13.8
104,Udachnyy,RU,2021-09-22 20:45:01,66.4167,112.4,32.52,80,97,4.03
105,Zhangjiakou,CN,2021-09-22 20:45:01,40.81,114.8794,59.11,65,6,2.53
106,Dongying,CN,2021-09-22 20:45:02,37.4564,118.4856,68.56,65,100,6.44
107,Muroto,JP,2021-09-22 20:45:02,33.2833,134.15,75.4,69,0,3.24
108,Huainan,CN,2021-09-22 20:45:04,32.6264,116.9969,72.14,73,38,6.67
109,La Grande,US,2021-09-22 20:44:13,45.3246,-118.0877,77.58,29,93,11.88
110,Charters Towers,AU,2021-09-22 20:45:05,-20.1,146.2667,54.79,49,35,6.17
111,Bethel,US,2021-09-22 20:45:05,41.3712,-73.414,79.02,77,99,1.01
112,Santa Cruz,BO,2021-09-22 20:41:24,-17.8,-63.1667,87.26,42,86,9.22
113,Georgetown,MY,2021-09-22 20:45:04,5.4112,100.3354,79.9,82,20,3.44
114,Husavik,IS,2021-09-22 20:45:06,66.0449,-17.3389,39.11,89,98,8.63
115,Leningradskiy,RU,2021-09-22 20:45:06,69.3833,178.4167,22.24,72,93,6.46
116,Souillac,MU,2021-09-22 20:45:07,-20.5167,57.5167,71.37,78,40,11.5
117,Kendari,ID,2021-09-22 20:45:07,-3.945,122.4989,72.61,95,100,3.8
118,Kharp,RU,2021-09-22 20:45:07,66.8014,65.8081,34.9,92,53,9.91
119,Hanting,CN,2021-09-22 20:45:08,36.7708,119.2108,65.32,69,95,6.98
120,Denpasar,ID,2021-09-22 20:43:25,-8.65,115.2167,80.26,94,75,14.97
121,Tchaourou,BJ,2021-09-22 20:45:08,8.8865,2.5975,71.19,96,100,3.31
122,Nikolskoye,RU,2021-09-22 20:45:09,59.7035,30.7861,44.49,72,100,3.2
123,Ishigaki,JP,2021-09-22 20:45:09,24.3448,124.1572,84.07,71,6,3.51
124,Tiksi,RU,2021-09-22 20:45:09,71.6872,128.8694,34.84,85,98,3.71
125,Haines Junction,CA,2021-09-22 20:41:05,60.7522,-137.5108,35.55,75,98,3.44
126,San Isidro,PE,2021-09-22 20:45:10,-12.1167,-77.05,65.25,76,75,1.01
127,Longyearbyen,SJ,2021-09-22 20:45:10,78.2186,15.6401,42.64,75,40,17.27
128,Saint-Augustin,CA,2021-09-22 20:42:32,51.226,-58.6502,63.54,72,66,15.99
129,Pavino,RU,2021-09-22 20:45:11,59.1139,46.1414,43.34,83,100,8.48
130,Furstenwalde,DE,2021-09-22 20:45:11,52.3667,14.0667,57.13,82,23,6.51
131,Smoky Lake,CA,2021-09-22 20:43:12,54.1169,-112.4686,68.49,48,100,10.36
132,Sao Filipe,CV,2021-09-22 20:41:27,14.8961,-24.4956,79.39,80,26,6.17
133,Aguadilla,PR,2021-09-22 20:45:12,18.4275,-67.1541,88.68,77,40,7.0
134,Flinders,AU,2021-09-22 20:45:13,-34.5833,150.8552,56.05,65,0,5.73
135,Butaritari,KI,2021-09-22 20:40:37,3.0707,172.7902,82.71,67,97,15.82
136,Goulburn,AU,2021-09-22 20:45:13,-34.75,149.7167,44.15,89,5,11.41
137,Nanortalik,GL,2021-09-22 20:40:53,60.1432,-45.2371,43.36,92,100,10.63
138,Roma,US,2021-09-22 20:43:53,43.2128,-75.4557,79.39,75,75,6.91
139,Ilulissat,GL,2021-09-22 20:45:14,69.2167,-51.1,28.42,46,75,5.75
140,Danilov,RU,2021-09-22 20:45:14,58.1908,40.1717,42.98,98,100,6.98
141,Sidi Ali,DZ,2021-09-22 20:45:15,36.0998,0.4206,72.86,70,3,5.32
142,Bluff,NZ,2021-09-22 20:45:15,-46.6,168.3333,43.81,71,15,8.77
143,Walvis Bay,NA,2021-09-22 20:45:16,-22.9575,14.5053,55.09,87,7,5.75
144,Aklavik,CA,2021-09-22 20:45:16,68.2191,-135.0107,36.43,79,100,13.78
145,Ribeira Grande,PT,2021-09-22 20:45:16,38.5167,-28.7,72.0,83,20,16.11
146,Kruisfontein,ZA,2021-09-22 20:45:17,-34.0033,24.7314,55.89,81,68,5.57
147,Mar Del Plata,AR,2021-09-22 20:43:42,-38.0023,-57.5575,59.02,67,90,3.44
148,Berlevag,NO,2021-09-22 20:42:23,70.8578,29.0864,48.15,66,0,34.52
149,Santa Isabel,BR,2021-09-22 20:45:17,-23.3156,-46.2214,64.11,79,32,10.94
150,Llata,PE,2021-09-22 20:45:18,-9.4167,-76.7833,49.89,94,100,2.95
151,Aykhal,RU,2021-09-22 20:45:19,66.0,111.5,31.3,82,72,5.44
152,Whitehorse,CA,2021-09-22 20:42:38,60.7161,-135.0538,32.77,86,90,8.05
153,Porto Santo,PT,2021-09-22 20:45:19,33.072,-16.3415,71.51,73,40,12.66
154,Harper,LR,2021-09-22 20:45:19,4.375,-7.7169,77.86,86,62,5.91
155,Poronaysk,RU,2021-09-22 20:41:56,49.2167,143.1167,47.84,89,100,11.81
156,Upata,VE,2021-09-22 20:45:20,8.0086,-62.3989,84.16,61,15,3.74
157,Lososina,RU,2021-09-22 20:45:20,48.9975,140.3106,50.34,79,100,15.21
158,Dayong,CN,2021-09-22 20:45:21,25.0209,118.2898,82.08,93,68,1.81
159,Sabang,ID,2021-09-22 20:45:21,5.8933,95.3214,81.43,74,100,7.76
160,Pevek,RU,2021-09-22 20:45:22,69.7008,170.3133,28.29,63,100,7.14
161,Bathsheba,BB,2021-09-22 20:45:22,13.2167,-59.5167,88.41,66,40,11.5
162,Matamoros,MX,2021-09-22 20:45:23,25.5333,-103.25,79.81,39,95,13.35
163,Howell,US,2021-09-22 20:45:23,42.6073,-83.9294,55.09,95,90,10.36
164,Calama,CL,2021-09-22 20:43:28,-22.4667,-68.9333,69.3,15,95,13.65
165,Havre-Saint-Pierre,CA,2021-09-22 20:44:08,50.2334,-63.5986,62.96,72,1,12.66
166,Mehamn,NO,2021-09-22 20:45:24,71.0357,27.8492,48.38,87,75,29.93
167,Tezu,IN,2021-09-22 20:45:24,27.9167,96.1667,76.57,72,98,2.06
168,Praia,CV,2021-09-22 20:45:25,14.9215,-23.5087,81.14,74,0,10.36
169,Geraldton,AU,2021-09-22 20:45:25,-28.7667,114.6,46.81,66,0,5.75
170,Cheremkhovo,RU,2021-09-22 20:45:25,53.1561,103.0675,33.12,87,12,1.99
171,Mandera,KE,2021-09-22 20:45:26,3.9366,41.867,82.27,55,100,24.27
172,Kudahuvadhoo,MV,2021-09-22 20:45:26,2.6708,72.8944,82.85,76,100,12.62
173,Sakakah,SA,2021-09-22 20:45:26,29.9697,40.2064,87.37,16,0,9.24
174,Lorengau,PG,2021-09-22 20:42:05,-2.0226,147.2712,80.82,79,95,6.17
175,Saint-Pierre,RE,2021-09-22 20:45:27,-21.3393,55.4781,67.64,69,20,5.75
176,Ponta Do Sol,PT,2021-09-22 20:45:27,32.6667,-17.1,72.23,66,100,5.97
177,Debre Tabor,ET,2021-09-22 20:45:28,11.85,38.0167,53.67,79,77,2.89
178,Anjozorobe,MG,2021-09-22 20:45:28,-18.4,47.8667,61.12,87,97,2.86
179,Rapar,IN,2021-09-22 20:45:29,23.5667,70.6333,81.63,76,62,11.77
180,Ayorou,NE,2021-09-22 20:45:29,14.7308,0.9174,93.36,36,18,12.86
181,Hualmay,PE,2021-09-22 20:45:29,-11.0964,-77.6139,64.71,78,97,12.33
182,Praia Da Vitoria,PT,2021-09-22 20:45:30,38.7333,-27.0667,71.76,88,40,12.3
183,Presidencia Roque Saenz Pena,AR,2021-09-22 20:45:30,-26.7852,-60.4388,75.52,43,96,7.38
184,Kysyl-Syr,RU,2021-09-22 20:45:31,63.8986,122.7617,40.33,95,100,8.57
185,Nuevo Progreso,MX,2021-09-22 20:45:32,23.1667,-97.95,85.46,65,95,8.99
186,Kaspi,GE,2021-09-22 20:45:32,41.9252,44.4257,59.92,91,100,9.42
187,Hokitika,NZ,2021-09-22 20:45:32,-42.7167,170.9667,54.91,90,100,6.89
188,Starodub,RU,2021-09-22 20:45:33,52.5844,32.7633,41.67,95,100,5.3
189,Palauig,PH,2021-09-22 20:45:33,15.435,119.9045,80.28,77,100,4.05
190,Marrakesh,MA,2021-09-22 20:43:39,31.6315,-8.0083,77.07,47,75,10.36
191,Woodward,US,2021-09-22 20:45:34,36.4337,-99.3904,84.96,22,1,3.44
192,Portland,US,2021-09-22 20:45:07,45.5234,-122.6762,72.57,64,75,1.01
193,Saint George,US,2021-09-22 20:45:34,37.1041,-113.5841,99.07,13,1,1.01
194,Cidreira,BR,2021-09-22 20:45:35,-30.1811,-50.2056,62.29,70,11,15.35
195,Kavieng,PG,2021-09-22 20:45:35,-2.5744,150.7967,80.49,80,100,13.29
196,Alamosa,US,2021-09-22 20:45:36,37.4695,-105.87,72.36,16,1,3.44
197,Rancho Palos Verdes,US,2021-09-22 20:45:36,33.7445,-118.387,104.52,57,1,16.26
198,Pahrump,US,2021-09-22 20:45:36,36.2083,-115.9839,95.45,12,0,4.0
199,Mendeleyevsk,RU,2021-09-22 20:45:37,55.9082,52.2905,49.24,66,100,8.19
200,Ilinskiy,RU,2021-09-22 20:45:37,55.619,38.1182,46.11,93,90,4.47
201,Korhogo,CI,2021-09-22 20:45:37,9.45,-5.6333,73.74,86,18,4.56
202,Saint-Philippe,RE,2021-09-22 20:45:38,-21.3585,55.7679,67.55,83,41,11.1
203,Pizarro,CO,2021-09-22 20:45:38,4.9533,-77.366,76.55,93,100,10.98
204,Mogadishu,SO,2021-09-22 20:41:01,2.0371,45.3438,77.47,88,18,18.66
205,Touros,BR,2021-09-22 20:44:53,-5.1989,-35.4608,83.3,81,40,9.22
206,East London,ZA,2021-09-22 20:45:39,-33.0153,27.9116,62.29,76,0,19.15
207,Bose,IT,2021-09-22 20:45:40,45.4612,8.0137,65.21,86,97,3.8
208,Kaiyuan,CN,2021-09-22 20:45:41,23.6977,103.3037,62.2,95,0,2.53
209,Colquechaca,BO,2021-09-22 20:45:41,-18.6667,-66.0167,38.08,56,100,5.5
210,Chumikan,RU,2021-09-22 20:45:41,54.7183,135.315,41.25,64,0,6.49
211,La Paz,BO,2021-09-22 20:45:07,-16.5,-68.15,57.18,47,75,11.5
212,Parabel,RU,2021-09-22 20:45:42,58.6978,81.4825,32.36,89,97,5.23
213,Lovington,US,2021-09-22 20:45:43,32.944,-103.3485,79.32,24,0,4.0
214,Estelle,US,2021-09-22 20:45:43,29.8458,-90.1067,82.0,52,75,9.22
215,Petropavlovsk-Kamchatskiy,RU,2021-09-22 20:41:48,53.0452,158.6483,32.59,100,0,6.71
216,Rorvik,NO,2021-09-22 20:45:44,64.8621,11.2373,50.11,100,75,12.66
217,Piojo,CO,2021-09-22 20:45:44,10.7485,-75.1078,73.96,76,100,6.96
218,Nador,MA,2021-09-22 20:45:44,35.174,-2.9287,73.47,88,75,6.91
219,Caravelas,BR,2021-09-22 20:41:40,-17.7125,-39.2481,73.13,66,99,16.67
220,Gairo,IT,2021-09-22 20:45:45,39.8497,9.5047,65.41,88,44,1.12
221,Tahta,EG,2021-09-22 20:45:45,26.7693,31.5021,88.12,26,0,9.4
222,Beloha,MG,2021-09-22 20:45:46,-25.1667,45.05,67.82,78,100,8.99
223,Laguna,US,2021-09-22 20:45:46,38.421,-121.4238,98.65,26,1,3.0
224,Sobolevo,RU,2021-09-22 20:45:47,54.4299,31.8996,38.25,95,100,3.27
225,Kapuskasing,CA,2021-09-22 20:45:47,49.4169,-82.4331,51.89,54,75,3.44
226,Otane,NZ,2021-09-22 20:45:47,-39.8833,176.6333,59.02,91,100,13.58
227,Whitianga,NZ,2021-09-22 20:45:48,-36.8333,175.7,57.02,94,100,15.82
228,Takoradi,GH,2021-09-22 20:45:48,4.8845,-1.7554,76.93,89,100,2.01
229,Cambridge,CA,2021-09-22 20:43:14,43.3601,-80.3127,58.39,96,90,1.99
230,Homer,US,2021-09-22 20:45:49,59.6425,-151.5483,46.78,46,1,10.36
231,Broken Hill,AU,2021-09-22 20:45:49,-31.95,141.4333,46.11,71,0,0.0
232,Coihaique,CL,2021-09-22 20:45:49,-45.5752,-72.0662,56.01,92,99,8.63
233,Waipawa,NZ,2021-09-22 20:41:27,-41.4122,175.5153,60.03,80,100,8.12
234,Avarua,CK,2021-09-22 20:45:50,-21.2078,-159.775,75.25,73,40,6.91
235,Taoudenni,ML,2021-09-22 20:40:58,22.6783,-3.9836,99.75,7,2,6.89
236,Barra Do Garcas,BR,2021-09-22 20:45:51,-15.89,-52.2567,106.38,18,20,5.75
237,Tabas,IR,2021-09-22 20:45:51,33.5959,56.9244,81.97,13,1,3.13
238,Lolodorf,CM,2021-09-22 20:45:51,3.2333,10.7333,70.61,100,100,1.68
239,Conceicao Da Barra,BR,2021-09-22 20:45:52,-18.5933,-39.7322,71.64,62,16,15.23
240,Kalmunai,LK,2021-09-22 20:45:52,7.4167,81.8167,79.56,83,99,5.91
241,La Palma,US,2021-09-22 20:45:53,33.8464,-118.0467,107.11,35,1,5.01
242,San Patricio,US,2021-09-22 20:45:53,28.017,-97.5169,88.21,21,31,13.87
243,Marsh Harbour,BS,2021-09-22 20:45:54,26.5412,-77.0636,83.14,70,64,3.02
244,Penzance,GB,2021-09-22 20:45:54,50.1186,-5.5371,60.01,83,26,6.78
245,Airai,TL,2021-09-22 20:45:54,-8.9266,125.4092,57.11,50,63,3.38
246,Torbay,CA,2021-09-22 20:40:55,47.6666,-52.7314,71.76,49,90,20.71
247,Lompoc,US,2021-09-22 20:41:47,34.6391,-120.4579,92.01,75,1,8.99
248,Kampil,IN,2021-09-22 20:45:55,27.6167,79.2833,78.51,86,17,5.79
249,Esso,RU,2021-09-22 20:45:55,55.9333,158.7,40.12,96,98,2.08
250,Acara,BR,2021-09-22 20:45:56,-1.9608,-48.1967,82.4,72,99,4.12
251,Gayeri,BF,2021-09-22 20:45:56,12.6497,0.4931,79.09,74,86,11.88
252,Zyuzelskiy,RU,2021-09-22 20:45:57,56.4856,60.1331,40.84,86,67,1.45
253,Kiama,AU,2021-09-22 20:45:57,-34.6833,150.8667,56.25,67,1,5.61
254,Kodiak,US,2021-09-22 20:45:57,57.79,-152.4072,45.77,61,100,12.08
255,Noumea,NC,2021-09-22 20:45:58,-22.2763,166.4572,66.18,73,86,9.75
256,Krasnoarmeysk,RU,2021-09-22 20:45:58,51.0239,45.6969,52.29,79,95,7.18
257,Atikokan,CA,2021-09-22 20:42:17,48.7555,-91.6216,65.91,40,1,8.3
258,Ambon,ID,2021-09-22 20:45:59,-3.6954,128.1814,75.34,94,75,3.44
259,Atmakur,IN,2021-09-22 20:45:59,15.8833,78.5833,74.52,90,100,2.26
260,Williston,US,2021-09-22 20:46:00,48.147,-103.618,84.94,28,2,5.01
261,Victor Harbor,AU,2021-09-22 20:46:00,-35.5667,138.6167,54.81,85,12,13.73
262,Korcula,HR,2021-09-22 20:46:00,42.9622,17.1369,63.16,49,100,10.36
263,Trairi,BR,2021-09-22 20:45:57,-3.2778,-39.2689,79.29,79,86,12.15
264,Namibe,AO,2021-09-22 20:46:01,-15.1961,12.1522,63.45,85,18,4.03
265,Oranjemund,NA,2021-09-22 20:46:02,-28.55,16.4333,65.77,46,30,6.17
266,Ukiah,US,2021-09-22 20:44:25,39.1502,-123.2078,97.12,20,1,3.44
267,Bassila,BJ,2021-09-22 20:46:02,9.0081,1.6654,70.34,95,100,1.97
268,Norman Wells,CA,2021-09-22 20:46:03,65.282,-126.8329,32.04,100,90,16.11
269,Nome,US,2021-09-22 20:46:03,64.5011,-165.4064,37.47,57,1,5.75
270,Koslan,RU,2021-09-22 20:46:04,63.4564,48.8989,36.99,97,22,4.54
271,Port Hedland,AU,2021-09-22 20:46:04,-20.3167,118.5667,75.25,11,100,5.75
272,Sri Aman,MY,2021-09-22 20:46:05,1.2376,111.4621,75.25,100,100,0.0
273,Forst,DE,2021-09-22 20:46:05,51.7333,14.6333,54.79,78,70,5.75
274,Carnarvon,AU,2021-09-22 20:46:05,-24.8667,113.6333,64.47,94,26,6.91
275,George Town,MY,2021-09-22 20:43:14,5.4112,100.3354,79.9,82,20,3.44
276,Juneau,US,2021-09-22 20:45:53,58.3019,-134.4197,46.45,91,90,6.91
277,Saint Anthony,US,2021-09-22 20:41:33,45.0205,-93.218,71.92,43,1,3.0
278,Jiayuguan,CN,2021-09-22 20:46:06,39.8167,98.3,58.55,37,24,3.78
279,Ponta Delgada,PT,2021-09-22 20:46:06,37.7333,-25.6667,70.52,73,20,6.91
280,Vao,NC,2021-09-22 20:46:07,-22.6667,167.4833,67.5,73,74,21.5
281,Chongwe,ZM,2021-09-22 20:46:07,-15.3292,28.682,67.93,44,6,11.7
282,Raga,SS,2021-09-22 20:46:07,8.4596,25.678,72.09,82,18,1.05
283,Muros,ES,2021-09-22 20:46:08,42.7762,-9.0603,65.23,71,1,14.83
284,Velikovechnoye,RU,2021-09-22 20:46:08,44.934,39.755,51.35,72,65,4.21
285,Asau,RO,2021-09-22 20:46:09,46.4333,26.4,48.76,86,100,0.43
286,Novyy Urengoy,RU,2021-09-22 20:45:14,66.0833,76.6333,34.68,83,86,10.89
287,Djambala,CG,2021-09-22 20:46:09,-2.5447,14.7533,74.39,65,100,3.8
288,Statesboro,US,2021-09-22 20:46:10,32.4488,-81.7832,88.25,69,90,8.05
289,Talgar,KZ,2021-09-22 20:46:10,43.3027,77.2395,51.96,35,75,4.47
290,Oudtshoorn,ZA,2021-09-22 20:46:11,-33.5907,22.2014,53.96,28,98,3.85
291,Bereda,ES,2021-09-22 20:46:11,43.2686,-7.5406,59.92,98,13,5.57
292,Alice Springs,AU,2021-09-22 20:46:12,-23.7,133.8833,36.95,56,2,0.0
293,Luleburgaz,TR,2021-09-22 20:46:12,41.4039,27.3592,54.77,55,100,9.55
294,San Francisco,US,2021-09-22 20:46:12,37.7749,-122.4194,95.38,64,20,3.0
295,Lishui,CN,2021-09-22 20:46:13,28.4604,119.9103,71.42,96,1,1.61
296,Japura,ID,2021-09-22 20:46:13,-0.3167,102.35,73.42,97,96,2.51
297,Tilichiki,RU,2021-09-22 20:46:14,60.4667,166.1,43.54,90,100,3.24
298,Mbigou,GA,2021-09-22 20:46:14,-1.9005,11.906,68.9,90,78,1.83
299,Carlsbad,US,2021-09-22 20:42:57,33.1581,-117.3506,108.86,49,1,5.01
300,Kutum,SD,2021-09-22 20:46:15,14.2,24.6667,81.82,38,60,8.41
301,Meulaboh,ID,2021-09-22 20:46:15,4.1363,96.1285,75.47,91,98,3.49
302,Norsup,VU,2021-09-22 20:46:15,-16.0667,167.3833,77.34,85,100,8.5
303,Stepnogorsk,KZ,2021-09-22 20:46:16,52.3544,71.8869,41.16,73,90,7.65
304,Manaure,CO,2021-09-22 20:46:16,11.7751,-72.4445,88.05,65,85,8.37
305,Medea,DZ,2021-09-22 20:46:17,36.2642,2.7539,64.85,63,99,7.96
306,Rosario Oeste,BR,2021-09-22 20:46:17,-14.8361,-56.4275,100.38,19,8,5.73
307,Miri,MY,2021-09-22 20:45:51,4.4148,114.0089,80.74,89,20,6.91
308,Uige,AO,2021-09-22 20:46:17,-7.6087,15.0613,73.54,66,41,2.68
309,Lagoa,PT,2021-09-22 20:46:18,39.05,-27.9833,70.43,76,0,14.9
310,Buala,SB,2021-09-22 20:46:18,-8.145,159.5921,80.91,75,78,3.0
311,Santa Isabel Do Rio Negro,BR,2021-09-22 20:46:19,-0.4139,-65.0192,90.21,55,100,4.09
312,Comodoro Rivadavia,AR,2021-09-22 20:45:01,-45.8667,-67.5,69.66,24,0,28.77
313,Osmena,PH,2021-09-22 20:46:19,10.5208,119.9258,80.33,80,100,5.84
314,Bull Savanna,JM,2021-09-22 20:46:20,17.8868,-77.5902,82.36,71,100,3.65
315,Bafoulabe,ML,2021-09-22 20:46:20,13.8065,-10.8321,77.59,76,99,4.29
316,Shizunai,JP,2021-09-22 20:46:21,42.3339,142.3669,66.42,94,100,7.58
317,Yulara,AU,2021-09-22 20:46:21,-25.2406,130.9889,42.64,45,99,4.61
318,Barahona,DO,2021-09-22 20:46:21,18.2085,-71.1008,85.82,89,75,11.5
319,Junin,AR,2021-09-22 20:46:22,-34.5838,-60.9433,49.62,90,100,7.43
320,Hami,CN,2021-09-22 20:46:22,42.8,93.45,64.4,23,40,8.05
321,Taywarah,AF,2021-09-22 20:46:22,33.35,64.4167,49.91,23,0,5.37
322,Hervey Bay,AU,2021-09-22 20:46:23,-25.2986,152.8535,53.71,78,1,9.91
323,Beringovskiy,RU,2021-09-22 20:41:26,63.05,179.3167,36.34,66,100,7.56
324,Matara,LK,2021-09-22 20:46:23,5.9485,80.5353,77.97,89,84,8.14
325,Kharitonovo,RU,2021-09-22 20:46:24,61.4009,47.4978,35.85,96,0,5.32
326,Upernavik,GL,2021-09-22 20:46:24,72.7868,-56.1549,22.69,59,93,4.76
327,Kahului,US,2021-09-22 20:42:26,20.8947,-156.47,87.06,57,20,20.71
328,Phuntsholing,BT,2021-09-22 20:46:25,26.8516,89.3884,73.62,91,79,4.27
329,Van,TR,2021-09-22 20:43:14,38.4924,43.3831,65.55,24,40,8.05
330,Halifax,CA,2021-09-22 20:41:48,44.6453,-63.5724,70.29,73,20,4.0
331,Dasoguz,TM,2021-09-22 20:46:25,41.8363,59.9666,62.55,25,0,11.5
332,Narsaq,GL,2021-09-22 20:46:26,60.9167,-46.05,37.62,86,100,3.83
333,Bilibino,RU,2021-09-22 20:46:26,68.0546,166.4372,28.81,85,100,2.82
334,Ciudad Bolivar,VE,2021-09-22 20:46:26,8.1222,-63.5497,89.74,51,90,3.38
335,Casino,AU,2021-09-22 20:46:27,-28.8667,153.05,52.57,93,0,5.75
336,San Cristobal,VE,2021-09-22 20:46:27,7.7669,-72.225,84.38,54,73,6.02
337,Ugoofaaru,MV,2021-09-22 20:46:28,5.6667,73.0,82.71,77,93,16.67
338,Qingdao,CN,2021-09-22 20:44:07,36.0986,120.3719,62.2,94,0,4.47
339,Bretzfeld,DE,2021-09-22 20:46:28,49.1794,9.4383,52.54,89,35,4.27
340,Fare,PF,2021-09-22 20:42:34,-16.7,-151.0167,77.68,71,0,7.31
341,Vestmannaeyjar,IS,2021-09-22 20:46:29,63.4427,-20.2734,42.73,63,17,14.23
342,Ponta Pora,BR,2021-09-22 20:46:29,-22.5361,-55.7256,87.71,42,0,0.0
343,Hofn,IS,2021-09-22 20:46:30,64.2539,-15.2082,41.63,56,38,16.55
344,Fortuna,US,2021-09-22 20:46:30,40.5982,-124.1573,86.18,75,20,19.57
345,Salalah,OM,2021-09-22 20:46:31,17.0151,54.0924,82.49,83,40,6.91
346,Opunake,NZ,2021-09-22 20:46:31,-39.4556,173.8583,59.34,96,100,12.88
347,Alibag,IN,2021-09-22 20:46:31,18.6411,72.8792,80.67,87,95,4.9
348,Bockenem,DE,2021-09-22 20:46:32,52.0099,10.132,54.45,94,6,5.73
349,Vila Franca Do Campo,PT,2021-09-22 20:46:32,37.7167,-25.4333,70.21,78,13,8.9
350,Ilo,PE,2021-09-22 20:46:32,-17.6394,-71.3375,61.92,77,100,9.62
351,Half Moon Bay,US,2021-09-22 20:46:19,37.4636,-122.4286,94.57,57,1,8.05
352,Cap Malheureux,MU,2021-09-22 20:46:33,-19.9842,57.6142,71.47,70,21,5.01
353,Pitimbu,BR,2021-09-22 20:46:34,-7.4706,-34.8086,81.19,83,18,10.58
354,Luganville,VU,2021-09-22 20:43:35,-15.5333,167.1667,75.51,90,100,5.88
355,Hambantota,LK,2021-09-22 20:46:34,6.1241,81.1185,80.28,82,43,14.74
356,Dali,CN,2021-09-22 20:46:34,25.7,100.1833,60.91,88,94,2.19
357,Minsk,BY,2021-09-22 20:46:32,53.9,27.5667,42.55,97,100,9.55
358,Dhidhdhoo,MV,2021-09-22 20:46:35,6.8833,73.1,82.63,77,100,17.69
359,Nishihara,JP,2021-09-22 20:46:35,26.1842,127.7558,81.68,90,20,3.44
360,College,US,2021-09-22 20:46:36,64.8569,-147.8028,35.26,71,75,5.75
361,Male,MV,2021-09-22 20:46:36,4.1748,73.5089,84.15,84,75,12.66
362,Seddon,AU,2021-09-22 20:46:37,-37.8068,144.8916,53.8,92,20,6.91
363,Senahu,GT,2021-09-22 20:46:37,15.4,-89.8333,78.3,74,52,4.05
364,Almaznyy,RU,2021-09-22 20:46:37,48.0448,40.045,50.14,65,100,4.05
365,Jiuquan,CN,2021-09-22 20:46:38,39.7432,98.5174,59.25,36,36,3.04
366,Sola,VU,2021-09-22 20:46:38,-13.8833,167.55,78.91,78,100,6.22
367,Okhotsk,RU,2021-09-22 20:46:39,59.3833,143.3,46.8,75,3,4.32
368,Ust-Omchug,RU,2021-09-22 20:46:39,61.15,149.6333,38.25,83,20,1.28
369,Lebu,CL,2021-09-22 20:46:40,-37.6167,-73.65,53.67,63,55,5.91
370,Olafsvik,IS,2021-09-22 20:46:40,64.8945,-23.7142,42.35,67,7,7.9
371,Bhadasar,IN,2021-09-22 20:46:41,28.2833,74.3167,83.21,69,84,10.63
372,Margaritas,MX,2021-09-22 20:46:41,20.4538,-102.4739,82.27,35,39,8.81
373,Te Anau,NZ,2021-09-22 20:46:41,-45.4167,167.7167,45.36,79,14,1.39
374,Bara,NG,2021-09-22 20:46:42,10.3744,10.7288,70.47,94,98,4.99
375,Verkhnevilyuysk,RU,2021-09-22 20:46:42,63.4453,120.3167,36.7,96,87,6.44
376,San Andres,CO,2021-09-22 20:46:43,12.5847,-81.7006,82.87,74,62,6.64
377,Salto Del Guaira,PY,2021-09-22 20:46:43,-24.0625,-54.3069,83.34,48,47,3.96
378,Brae,GB,2021-09-22 20:46:43,60.3964,-1.353,51.71,80,100,22.77
379,Surt,LY,2021-09-22 20:46:44,31.2089,16.5887,82.99,52,0,12.46
380,Rocha,UY,2021-09-22 20:46:44,-34.4833,-54.3333,55.33,75,100,10.33
381,Bousso,TD,2021-09-22 20:46:44,10.4795,16.7117,72.5,90,87,6.04
382,Ko Samui,TH,2021-09-22 20:46:45,9.5357,99.9357,81.79,75,100,15.9
383,Dalby,AU,2021-09-22 20:46:45,-27.1833,151.2667,48.97,51,0,1.01
384,Ahome,MX,2021-09-22 20:46:46,25.9167,-109.1833,96.17,38,50,6.64
385,Melur,IN,2021-09-22 20:46:46,10.05,78.3333,76.14,90,100,6.26
386,Camacha,PT,2021-09-22 20:46:46,33.0833,-16.3333,68.76,73,40,12.66
387,Ambilobe,MG,2021-09-22 20:46:47,-13.2,49.05,71.08,74,55,4.61
388,Meadow Lake,US,2021-09-22 20:46:47,34.8014,-106.5436,83.17,24,0,7.7
389,Zarichne,UA,2021-09-22 20:46:47,51.8126,26.129,42.28,94,100,7.78
390,Thinadhoo,MV,2021-09-22 20:46:48,0.5333,72.9333,82.36,72,97,13.78
391,Roald,NO,2021-09-22 20:46:48,62.5833,6.1333,53.74,66,75,16.11
392,Katherine,AU,2021-09-22 20:46:49,-14.4667,132.2667,52.12,30,46,6.91
393,Murmashi,RU,2021-09-22 20:46:49,68.8154,32.8115,43.21,70,0,4.47
394,Oistins,BB,2021-09-22 20:46:49,13.0667,-59.5333,87.89,66,40,11.5
395,Chokurdakh,RU,2021-09-22 20:46:50,70.6333,147.9167,27.41,81,88,1.95
396,Markova,UA,2021-09-22 20:46:50,48.6758,24.4138,41.65,93,100,7.31
397,Livingston,GB,2021-09-22 20:46:51,55.9029,-3.5226,58.24,97,90,11.5
398,Ballina,AU,2021-09-22 20:46:51,-28.8667,153.5667,52.79,87,27,3.44
399,Kuching,MY,2021-09-22 20:46:51,1.55,110.3333,79.02,89,20,0.0
400,Nantucket,US,2021-09-22 20:45:26,41.2835,-70.0995,77.34,85,20,14.94
401,Etchojoa,MX,2021-09-22 20:46:52,26.9167,-109.6333,93.69,32,91,9.33
402,Abnub,EG,2021-09-22 20:46:52,27.2696,31.1511,84.42,28,0,13.85
403,Namwala,ZM,2021-09-22 20:46:53,-15.7504,26.4384,73.74,29,10,7.81
404,Brokopondo,SR,2021-09-22 20:46:53,4.75,-55.1667,85.35,64,90,6.73
405,Chandausi,IN,2021-09-22 20:46:53,28.45,78.7667,77.41,86,12,6.13
406,Bokoro,TD,2021-09-22 20:46:54,12.3807,17.0568,76.77,80,100,11.3
407,Arrecife,ES,2021-09-22 20:46:54,28.963,-13.5477,73.47,73,20,9.22
408,Sinop,TR,2021-09-22 20:46:55,41.7711,34.8709,50.31,92,100,2.46
409,Owando,CG,2021-09-22 20:42:05,-0.4819,15.8999,71.06,96,100,4.18
410,Clarence Town,AU,2021-09-22 20:46:55,-32.5833,151.7833,54.34,64,0,4.25
411,Mount Gambier,AU,2021-09-22 20:46:56,-37.8333,140.7667,51.71,93,90,12.66
412,Korla,CN,2021-09-22 20:46:56,41.7597,86.1469,66.04,32,20,14.38
413,Yeppoon,AU,2021-09-22 20:46:56,-23.1333,150.7333,51.58,75,41,7.16
414,Alta Floresta,BR,2021-09-22 20:46:57,-9.8756,-56.0861,93.02,52,0,4.61
415,Sioux Lookout,CA,2021-09-22 20:46:57,50.1001,-91.917,68.07,45,40,8.05
416,Madison,US,2021-09-22 20:46:58,34.7334,-86.5667,73.44,60,20,1.01
417,Ulundi,ZA,2021-09-22 20:46:58,-28.3352,31.4162,52.95,84,0,2.64
418,Luza,RU,2021-09-22 20:46:58,60.6308,47.2512,37.56,96,0,6.82
419,Xichang,CN,2021-09-22 20:46:59,27.8964,102.2634,63.27,93,80,1.92
420,Boffa,GN,2021-09-22 20:46:59,10.1667,-14.0333,76.5,89,100,3.98
421,Severo-Kurilsk,RU,2021-09-22 20:46:59,50.6789,156.125,48.65,90,100,7.78
422,Vizinga,RU,2021-09-22 20:47:00,61.0749,50.1031,35.02,95,11,4.38
423,Jadu,LY,2021-09-22 20:47:00,31.953,12.0261,78.42,21,16,4.36
424,Tucumcari,US,2021-09-22 20:47:01,35.1717,-103.725,82.94,22,1,19.57
425,Guerrero Negro,MX,2021-09-22 20:47:01,27.9769,-114.0611,86.63,49,90,8.46
426,Gorontalo,ID,2021-09-22 20:47:02,0.5412,123.0595,73.54,96,100,1.9
427,Sambava,MG,2021-09-22 20:47:02,-14.2667,50.1667,70.92,78,20,11.05
428,Babu,CN,2021-09-22 20:47:02,24.4167,111.5167,76.89,86,78,2.06
429,Acarau,BR,2021-09-22 20:47:03,-2.8856,-40.12,79.88,78,99,16.42
430,Vradiyivka,UA,2021-09-22 20:47:03,47.862,30.5919,44.8,88,100,3.94
431,Kupang,ID,2021-09-22 20:47:04,-10.1667,123.5833,75.81,77,72,11.18
432,Nizwa,OM,2021-09-22 20:47:04,22.9333,57.5333,90.64,32,91,2.89
433,South Berwick,US,2021-09-22 20:47:04,43.2345,-70.8095,73.71,86,90,6.91
434,Maxixe,MZ,2021-09-22 20:47:05,-23.8597,35.3472,65.97,74,70,8.57
435,Mount Isa,AU,2021-09-22 20:47:05,-20.7333,139.5,56.97,21,0,5.75
436,Mana,GF,2021-09-22 20:47:05,5.6592,-53.7767,81.81,78,78,10.83
437,Ust-Uda,RU,2021-09-22 20:47:06,54.1742,103.0304,31.6,92,21,1.88
438,Balkanabat,TM,2021-09-22 20:47:06,39.5108,54.3671,79.95,12,0,19.35
439,San Quintin,MX,2021-09-22 20:42:32,30.4833,-115.95,82.11,54,1,11.88
440,Bongandanga,CD,2021-09-22 20:47:07,1.5,21.05,69.78,98,100,3.98
441,Surin,TH,2021-09-22 20:47:07,14.8818,103.4936,74.3,96,91,4.9
442,Rolla,US,2021-09-22 20:47:08,37.9514,-91.7713,71.22,42,40,5.99
443,Krasnoselkup,RU,2021-09-22 20:47:08,65.7,82.4667,33.91,78,100,15.43
444,Corrales,US,2021-09-22 20:47:08,35.2378,-106.6067,84.74,25,0,1.99
445,Savelugu,GH,2021-09-22 20:47:09,9.6244,-0.8253,74.41,87,99,6.98
446,Belyy Yar,RU,2021-09-22 20:47:09,53.6039,91.3903,40.89,70,0,4.47
447,Camana,PE,2021-09-22 20:47:10,-16.6228,-72.7111,62.89,81,100,9.89
448,Rock Sound,BS,2021-09-22 20:47:10,24.9,-76.2,83.52,71,97,5.93
449,Sernur,RU,2021-09-22 20:47:10,56.9333,49.1536,48.49,70,100,11.39
450,Krasnozerskoye,RU,2021-09-22 20:47:11,53.9828,79.2374,38.61,93,99,5.12
451,Maningrida,AU,2021-09-22 20:47:11,-12.0667,134.2667,64.45,65,13,11.39
452,Atherton,GB,2021-09-22 20:47:12,53.5237,-2.4935,60.71,81,100,4.0
453,Kiisa,EE,2021-09-22 20:47:12,59.2369,24.6889,39.09,95,98,2.98
454,Puerto Baquerizo Moreno,EC,2021-09-22 20:47:12,-0.9,-89.6,74.39,78,75,17.27
455,San Policarpo,PH,2021-09-22 20:47:13,12.1791,125.5072,77.41,89,100,3.74
456,Yumen,CN,2021-09-22 20:47:13,40.2833,97.2,58.42,32,20,14.23
457,Saint-Francois,FR,2021-09-22 20:47:14,46.4154,3.9054,54.84,94,0,0.0
458,Verkhniye Tatyshly,RU,2021-09-22 20:47:14,56.2912,55.8575,38.98,79,99,6.76
459,Itoman,JP,2021-09-22 20:47:15,26.1247,127.6694,82.42,85,20,2.3
460,Constitucion,CL,2021-09-22 20:42:17,-35.3333,-72.4167,56.39,69,5,11.88
461,Tupiza,BO,2021-09-22 20:47:16,-21.45,-65.7167,73.65,9,100,10.96
462,Bulgan,MN,2021-09-22 20:47:16,48.8125,103.5347,37.18,87,31,3.29
463,Verkhniy Uslon,RU,2021-09-22 20:47:16,55.7701,48.9823,48.42,93,100,11.34
464,Itarema,BR,2021-09-22 20:47:17,-2.9248,-39.9167,79.47,78,96,15.66
465,Asosa,ET,2021-09-22 20:47:17,10.0667,34.5333,60.98,97,100,6.26
466,Iquique,CL,2021-09-22 20:47:17,-20.2208,-70.1431,62.64,73,100,10.2
467,Quevedo,EC,2021-09-22 20:47:18,-1.0333,-79.45,81.23,67,100,3.09
468,Guaymas,MX,2021-09-22 20:47:18,27.9333,-110.9,92.88,43,100,1.05
469,Oblivskaya,RU,2021-09-22 20:47:19,48.5362,42.5014,52.25,59,61,5.39
470,Rovaniemi,FI,2021-09-22 20:47:19,66.5,25.7167,44.01,70,90,11.5
471,Gdov,RU,2021-09-22 20:47:19,58.7406,27.8122,45.55,68,100,7.11
472,Jatai,BR,2021-09-22 20:47:20,-17.8814,-51.7144,92.03,21,4,10.63
473,Bastia,FR,2021-09-22 20:47:20,42.6667,9.3333,67.3,75,0,4.61
474,Lac-Megantic,CA,2021-09-22 20:47:21,45.5834,-70.8823,71.53,77,100,7.52
475,Grindavik,IS,2021-09-22 20:47:21,63.8424,-22.4338,39.67,75,20,8.05
476,Zihuatanejo,MX,2021-09-22 20:47:21,17.6333,-101.55,86.36,73,49,6.87
477,Vitim,RU,2021-09-22 20:47:22,59.4511,112.5578,33.69,92,71,2.15
478,Marghita,RO,2021-09-22 20:47:22,47.35,22.3333,49.93,92,39,3.58
479,Ostrovnoy,RU,2021-09-22 20:47:23,68.0531,39.5131,39.34,79,100,23.98
480,Chapais,CA,2021-09-22 20:47:23,49.7834,-74.8492,44.38,82,100,6.44
481,Necochea,AR,2021-09-22 20:47:23,-38.5473,-58.7368,53.04,76,100,6.8
482,Spornoye,RU,2021-09-22 20:47:24,50.8448,37.2913,44.62,91,100,5.01
483,Avera,US,2021-09-22 20:47:24,33.194,-82.5271,86.68,68,51,10.56
484,Vestmanna,FO,2021-09-22 20:47:24,62.1564,-7.1664,47.32,87,90,11.5
485,Pacifica,US,2021-09-22 20:43:18,37.6138,-122.4869,93.38,72,20,1.99
486,Niceville,US,2021-09-22 20:43:10,30.5169,-86.4822,86.14,69,75,11.99
487,Rio De Jesus,PA,2021-09-22 20:47:25,7.9844,-81.1631,81.75,79,100,6.29
488,Creel,MX,2021-09-22 20:47:26,27.75,-107.6333,64.87,56,96,16.84
489,Los Llanos De Aridane,ES,2021-09-22 20:47:26,28.6585,-17.9182,71.35,84,75,10.36
490,San Joaquin,US,2021-09-22 20:47:26,37.9333,-121.3011,96.78,27,1,4.61
491,Cairns,AU,2021-09-22 20:47:27,-16.9167,145.7667,66.15,69,75,11.5
492,Kavaratti,IN,2021-09-22 20:47:27,10.5669,72.642,81.93,79,98,16.84
493,Kyaukse,MM,2021-09-22 20:47:27,21.6,96.1333,76.15,89,82,2.95
494,Gweru,ZW,2021-09-22 20:47:28,-19.45,29.8167,53.73,85,63,12.75
495,Sao Joao Da Barra,BR,2021-09-22 20:47:28,-21.6403,-41.0511,71.69,64,26,23.09
496,Nanakuli,US,2021-09-22 20:47:29,21.3906,-158.1547,87.75,49,40,13.8
497,La Ciotat,FR,2021-09-22 20:47:29,43.1748,5.6045,68.81,74,0,2.15
498,Winona,US,2021-09-22 20:47:30,43.9666,-91.7668,69.62,45,1,0.0
499,Pestretsy,RU,2021-09-22 20:47:30,55.7531,49.6545,48.34,95,100,11.63
500,Callaway,US,2021-09-22 20:43:06,30.153,-85.5699,87.73,67,40,4.0
501,Mangai,CD,2021-09-22 20:47:31,-4.05,19.5333,72.93,87,90,1.63
502,Mounana,GA,2021-09-22 20:47:31,-1.4085,13.1586,75.79,77,100,2.98
503,Pangody,RU,2021-09-22 20:47:32,65.85,74.4859,34.72,97,100,10.92
504,Pimentel,PE,2021-09-22 20:47:32,-6.8367,-79.9342,71.89,60,0,19.57
505,Havelock,US,2021-09-22 20:46:43,34.8791,-76.9013,80.55,93,75,3.0
506,Sembe,CG,2021-09-22 20:47:33,1.6481,14.5806,69.48,99,100,1.59
507,Marawi,PH,2021-09-22 20:47:33,7.9986,124.2928,64.65,95,36,1.72
508,Fallon,US,2021-09-22 20:47:33,39.4735,-118.7774,86.92,13,40,4.61
509,Francia,HN,2021-09-22 20:47:34,15.85,-85.5833,89.58,64,8,8.95
510,Ahwa,IN,2021-09-22 20:47:34,20.75,73.6833,69.82,96,86,3.58
511,Kyra,RU,2021-09-22 20:47:34,49.5776,111.9753,49.69,92,100,4.92
512,Sandpoint,US,2021-09-22 20:44:34,48.2766,-116.5533,71.42,48,1,8.05
513,Methoni,GR,2021-09-22 20:47:35,36.8197,21.7049,75.22,67,57,17.78
514,Port Pirie,AU,2021-09-22 20:47:35,-33.1833,138.0167,42.89,85,0,4.65
515,Ixtapa,MX,2021-09-22 20:47:36,20.7,-105.2,89.22,76,89,5.01
516,Hailar,CN,2021-09-22 20:47:36,49.2,119.7,46.36,79,15,9.01
517,Griffith,US,2021-09-22 20:47:36,41.5284,-87.4237,63.14,71,75,1.99
518,Oranjestad,AW,2021-09-22 20:47:37,12.524,-70.027,89.55,70,20,17.27
519,Lyuban,BY,2021-09-22 20:47:37,52.7985,28.0048,41.52,96,100,8.5
520,Kiruna,SE,2021-09-22 20:47:38,67.8557,20.2251,43.72,93,90,20.71
521,Bartica,GY,2021-09-22 20:47:38,6.4,-58.6167,82.72,89,72,3.78
522,Launceston,AU,2021-09-22 20:47:38,-41.45,147.1667,52.81,82,40,5.01
523,Laerdalsoyri,NO,2021-09-22 20:47:39,61.098,7.4816,53.92,71,75,12.66
524,Paita,PE,2021-09-22 20:47:39,-5.0892,-81.1144,79.36,75,38,17.2
525,Arona,ES,2021-09-22 20:47:39,28.0996,-16.681,68.52,70,75,1.01
526,Kitob,UZ,2021-09-22 20:47:40,39.0843,66.8332,64.98,24,0,3.96
527,Bandarbeyla,SO,2021-09-22 20:47:40,9.4942,50.8122,78.66,76,99,21.47
528,Stephenville,US,2021-09-22 20:47:41,32.2207,-98.2023,81.93,21,1,10.36
529,Maniitsoq,GL,2021-09-22 20:47:41,65.4167,-52.9,34.97,47,49,10.29
530,Aquiraz,BR,2021-09-22 20:47:41,-3.9014,-38.3911,82.49,79,68,8.46
531,Ust-Koksa,RU,2021-09-22 20:47:42,50.2696,85.6108,29.08,68,83,0.96
532,Kabalo,CD,2021-09-22 20:47:42,-6.05,26.9167,80.96,45,57,2.89
533,Anadyr,RU,2021-09-22 20:47:43,64.75,177.4833,32.5,74,90,8.95
534,Wanxian,CN,2021-09-22 20:47:43,30.8039,108.3897,74.12,76,82,6.2
535,Abalak,RU,2021-09-22 20:47:43,58.1286,68.5944,32.04,95,73,4.36
536,Sungaipenuh,ID,2021-09-22 20:47:44,-2.0833,101.3833,64.51,97,85,2.68
537,Gornopravdinsk,RU,2021-09-22 20:47:44,60.05,69.9,30.36,95,31,3.76
538,Suzun,RU,2021-09-22 20:47:45,53.7841,82.3116,37.96,91,99,4.63
539,Bohodukhiv,UA,2021-09-22 20:47:45,50.1647,35.5276,46.44,91,100,4.23
540,Kismayo,SO,2021-09-22 20:47:45,-0.3582,42.5454,77.09,85,34,15.55
541,Mantua,IT,2021-09-22 20:43:23,45.1667,10.7833,68.95,80,52,1.99
542,General Roca,AR,2021-09-22 20:47:46,-39.0333,-67.5833,72.0,21,0,18.66
543,Nalut,LY,2021-09-22 20:47:46,30.3333,10.85,85.08,12,3,8.79
544,La Macarena,CO,2021-09-22 20:47:47,2.1837,-73.7849,77.05,95,98,3.02
545,Kungurtug,RU,2021-09-22 20:47:47,50.5994,97.5228,28.63,72,75,1.68
546,Maumere,ID,2021-09-22 20:47:47,-8.6199,122.2111,78.48,71,81,3.49
547,Veraval,IN,2021-09-22 20:47:48,20.9,70.3667,80.71,81,94,11.43
548,Parainen,FI,2021-09-22 20:47:48,60.3067,22.301,50.14,73,100,13.47
549,Prieska,ZA,2021-09-22 20:47:49,-29.6641,22.7474,64.78,27,1,6.67
550,Stranda,NO,2021-09-22 20:47:49,62.3096,6.9358,53.19,83,100,3.89
551,Swift Current,CA,2021-09-22 20:47:50,50.2834,-107.8014,81.41,17,1,20.71
552,Moron,AR,2021-09-22 20:47:50,-34.6534,-58.6198,56.98,95,100,1.01
553,Langsa,ID,2021-09-22 20:47:51,4.4683,97.9683,74.7,95,97,1.9
554,Isla Vista,US,2021-09-22 20:47:51,34.4133,-119.861,101.68,59,1,9.22
555,Kieta,PG,2021-09-22 20:47:51,-6.2167,155.6333,80.01,80,68,3.85
556,Montlucon,FR,2021-09-22 20:47:52,46.3333,2.6,53.71,95,5,2.13
557,Peniche,PT,2021-09-22 20:47:52,39.3558,-9.3811,72.88,65,32,15.03
558,Umm Kaddadah,SD,2021-09-22 20:47:53,13.6017,26.6876,89.91,36,10,8.55
559,Haibara,JP,2021-09-22 20:47:53,34.5333,135.95,67.59,92,0,4.85
560,Amapa,BR,2021-09-22 20:47:53,1.0,-52.0,72.5,97,100,3.6
561,Zhigansk,RU,2021-09-22 20:47:54,66.7697,123.3711,41.81,86,100,12.57
562,Gbarnga,LR,2021-09-22 20:47:54,6.9956,-9.4722,72.07,98,100,4.34
563,Akyab,MM,2021-09-22 20:47:54,20.15,92.9,79.25,85,100,3.76
564,Kantemirovka,RU,2021-09-22 20:47:55,49.7089,39.8592,48.06,76,99,2.91
565,Aksu,CN,2021-09-22 20:47:55,41.1231,80.2644,67.93,32,86,4.83
